<?xml version="1.0" encoding="UTF-8" ?> 
<!DOCTYPE mapper
PUBLIC "-//mybatis.org//DTD Mapper 3.0//EN"
"http://mybatis.org/dtd/mybatis-3-mapper.dtd">

<mapper namespace="com.study.member.CartMapper">

	<insert id="addCart" parameterType="com.study.member.CartDTO">
		insert into cart(id,contentsno,count,size)
		values(#{id}, #{contentsno}, #{count}, #{size})
	</insert>

	<select id="checkCart" resultType="com.study.member.CartDTO">
		select * from cart
		where id = #{id} and contentsno = #{contentsno}
	</select>

	<select id="getCart" parameterType="String" resultType="com.study.member.CartDTO">
		select a.cartno, a.id, a.contentsno, a.Count, a.size, b.pname, b.price, b.filename
		from cart a left outer join contents b 
		on a.contentsno = b.contentsno
		where id = #{id}	
	</select>
	
	<!-- 강사님 ver -->
	
	<insert id="create" parameterType="com.study.member.CartDTO">
		insert into cart(contentsno, count, size, id)
		values(#{contentsno}, #{count}, #{size}, #{id})
	</insert>
	
	
	<resultMap type="com.study.member.CartDTO" id="cartlist">
		<result property="cartno" column="cartno" />
		<result property="size" column="size" />
		<result property="count" column="count" />
		<association property="cdto" javaType="com.study.contents.ContentsDTO">
			<result property="contentsno" column="contentsno" />
			<result property="pname" column="pname" />
			<result property="price" column="price" />
			<result property="filename" column="filename" />
		</association>
	</resultMap>
	<select id="list" parameterType="String" resultMap="cartlist">
		select c.contentsno, c.pname, c.price, c.filename, t.cartno, t.size, t.count
		from contents c inner join cart t
		on c.contentsno = t.contentsno
		where t.id = #{id}
	</select>
	
	<delete id="delete" parameterType="int">
		delete from cart
		where cartno = #{cartno}
	</delete>
</mapper>