<?xml version="1.0" encoding="UTF-8" ?> 
 
<!DOCTYPE mapper
PUBLIC "-//mybatis.org//DTD Mapper 3.0//EN"
"http://mybatis.org/dtd/mybatis-3-mapper.dtd">

<mapper namespace="com.study.contents.ContentsMapper">

	<select id="detail" parameterType="int"
		resultType="com.study.contents.ContentsDTO">

		select contentsno, cateno, pname, price, filename, stock, detail
		from contents
		where contentsno = #{conentsno}
	</select>

	<select id="getCategory" resultType="Map">
		select cateno, catename from
		category
		where categrpno is null
	</select>

	<select id="read" parameterType="int"
		resultType="com.study.contents.ContentsDTO">
		select contentsno, cateno,pname, price, filename, stock,detail
		from contents
		where contentsno = #{contentsno}
	</select>

	<update id="updateFile" parameterType="Map">
		update contents
		set
		filename = #{fname}
		where contentsno = #{contentsno}
	</update>

	<select id="total" parameterType="Map" resultType="int">
		select count(*) from contents
		<where>
			<choose>
				<when test="col=='pname'">
					pname like concat('%', #{word} ,'%')
				</when>
				<when test="col=='price'">
					price like concat('%', #{word} ,'%')
				</when>
				<when test="col=='cateno'">
					cateno = #{word}
				</when>
			</choose>
		</where>
	</select>

	<select id="mainlist" parameterType="map"
		resultType="com.study.contents.ContentsDTO">
		select contentsno, cateno,pname, price, filename, stock
		from contents

		<where>
			<choose>
				<when test="col=='pname'">
					pname like concat('%', #{word} ,'%')
				</when>
				<when test="col=='price'">
					price like concat('%', #{word} ,'%')
				</when>
			</choose>
			and cateno = #{cateno}
		</where>
		order by contentsno desc
		limit #{sno}, #{eno}
	</select>

	<select id="list" parameterType="Map"
		resultType="com.study.contents.ContentsDTO">

		select contentsno, cateno,pname, price, filename, stock,rdate
		from
		contents
		<where>
			<choose>
				<when test="col=='pname'">
					pname like concat('%', #{word} ,'%')
				</when>
				<when test="col=='price'">
					price like concat('%', #{word} ,'%')
				</when>
				<when test="col=='cateno'">
					cateno = #{word}
				</when>
			</choose>
		</where>
		order by contentsno desc
		limit #{sno}, #{eno}

	</select>



	<update id="update"
		parameterType="com.study.contents.ContentsDTO">
		update contents
		set pname =#{pname},
		price = #{price},
		detail = #{detail},
		stock = #{stock}
		where contentsno =#{contentsno}
	</update>


	<insert id="create"
		parameterType="com.study.contents.ContentsDTO">
		insert into contents(cateno, pname, price, filename,
		detail, rdate, stock)
		values( #{cateno},#{pname}, #{price},
		#{filename}, #{detail},
		sysdate(), #{stock})
	</insert>

</mapper>