<?xml version="1.0" encoding="UTF-8" ?> 
<!DOCTYPE mapper
PUBLIC "-//mybatis.org//DTD Mapper 3.0//EN"
"http://mybatis.org/dtd/mybatis-3-mapper.dtd">

<mapper namespace="com.study.notice.NoticeMapper">

	<update id="update" parameterType="com.study.notice.NoticeDTO">
		UPDATE shop_notice
		SET
		title=#{title}, content=#{content}, id=#{id}
		WHERE
		noticeno=#{noticeno}
	</update>

	<delete id="delete" parameterType="int">
		delete from shop_notice
		where noticeno = #{noticeno}
	</delete>

	<update id="upCnt" parameterType="int">
		update shop_notice
		set cnt = cnt + 1
		where noticeno = #{noticeno}
	</update>

	<select id="read" resultType="com.study.notice.NoticeDTO"
		parameterType="int">
		SELECT noticeno, title, content, id, cnt,
		rdate
		FROM
		shop_notice
		WHERE noticeno=#{noticeno}
	</select>

	<insert id="create" parameterType="com.study.notice.NoticeDTO">
		INSERT INTO shop_notice(title,
		content, id, cnt, rdate)
		VALUES(#{title}, #{content},#{id}, 0, NOW())
	</insert>

	<select id="list" parameterType="map"
		resultType="com.study.notice.NoticeDTO">
		SELECT noticeno, title, id, cnt, rdate
		FROM shop_notice
		<where>
			<choose>
				<when test="col=='title'">
					title like CONCAT('%',#{word},'%')
				</when>
				<when test="col=='content'">
					content like CONCAT('%',#{word},'%')
				</when>
				<when test="col=='title_content'">
					title like CONCAT('%',#{word},'%')
					or
					content like
					CONCAT('%',#{word},'%')
				</when>
			</choose>
		</where>
		ORDER BY noticeno DESC
		limit #{sno} , #{cnt}
	</select>

	<select id="total" parameterType="map" resultType="int">
		select count(*) from shop_notice
		<where>
			<choose>
				<when test="col=='title'">
					title like CONCAT('%',#{word},'%')
				</when>
				<when test="col=='content'">
					content like CONCAT('%',#{word},'%')
				</when>
				<when test="col=='title_content'">
					title like CONCAT('%',#{word},'%')
					or
					content like
					CONCAT('%',#{word},'%')
				</when>
			</choose>
		</where>
	</select>
</mapper>